{
	"format_version": "1.8.0",
	"animations": {
		"animation.block.grow": {
			"loop": "hold_on_last_frame",
			"animation_length": 0.41667,
			"bones": {
				"block": {
					"scale": {
						"0.0": [0.1, 0.1, 0.1],
						"0.0833": [0.3, 0.3, 0.3],
						"0.1667": [0.5, 0.5, 0.5],
						"0.25": [0.7, 0.7, 0.7],
						"0.3333": [0.9, 0.9, 0.9],
						"0.4167": [1, 1, 1]
					}
				}
			}
		},
		"animation.block.roll": {
			"loop": true,
			"animation_length": 0.66667,
			"bones": {
				"block": {
					"rotation": {
						"0.0": [0, 0, 0],
						"0.0833": [45, 0, 0],
						"0.1667": [90, 0, 0],
						"0.25": [135, 0, 0],
						"0.3333": [180, 0, 0],
						"0.4167": [225, 0, 0],
						"0.5": [270, 0, 0],
						"0.5833": [315, 0, 0],
						"0.6667": [360, 0, 0]
					}
				}
			}
		}
	}
}